1LR,1N,2R,2L
1.03504,3.49806,4.04204,2.4674