VAN 1,VAN 2,VAN 3,VAN 4,VAN 5,VAN 6,VAN 7,VAN 8,VAN 9,VAN 10,VAN 11,VAN 12,VAN 13,VAN 14,VAN 15,VAN 16,VAN 17,VAN 18,VAN 19,VAN20
6.89809,3.21545,6.95387,5.03737,6.48313,6.30219,4.57411,4.0403,3.66481,3.78123,5.79146,4.76435,4.93066,2.15558,1.07603,3.97389,0.937318,5.49836,4.61133,6.20442